<?xml version="1.0" encoding="UTF-8"?>
<project-private xmlns="http://www.netbeans.org/ns/project-private/1">
    <editor-bookmarks xmlns="http://www.netbeans.org/ns/editor-bookmarks/2" lastBookmarkId="0"/>
    <open-files xmlns="http://www.netbeans.org/ns/projectui-open-files/2">
        <group>
            <file>file:/C:/Users/Pardeep%20Hotwani/Documents/NetBeansProjects/JavaApplication12/src/HostelRoom.java</file>
            <file>file:/C:/Users/Pardeep%20Hotwani/Documents/NetBeansProjects/JavaApplication12/src/HostelApplication.java</file>
            <file>file:/C:/Users/Pardeep%20Hotwani/Documents/NetBeansProjects/JavaApplication12/src/StudentDashboard.java</file>
            <file>file:/C:/Users/Pardeep%20Hotwani/Documents/NetBeansProjects/JavaApplication12/src/CheckStudentRecord.java</file>
            <file>file:/C:/Users/Pardeep%20Hotwani/Documents/NetBeansProjects/JavaApplication12/src/Payment.java</file>
            <file>file:/C:/Users/Pardeep%20Hotwani/Documents/NetBeansProjects/JavaApplication12/src/ManageStudentHostelApplication.java</file>
            <file>file:/C:/Users/Pardeep%20Hotwani/Documents/NetBeansProjects/JavaApplication12/src/GenerateReport.java</file>
            <file>file:/C:/Users/Pardeep%20Hotwani/Documents/NetBeansProjects/JavaApplication12/src/LoginScreen.java</file>
            <file>file:/C:/Users/Pardeep%20Hotwani/Documents/NetBeansProjects/JavaApplication12/src/MakeHostelApplication.java</file>
            <file>file:/C:/Users/Pardeep%20Hotwani/Documents/NetBeansProjects/JavaApplication12/src/TrackPersonalApplication.java</file>
            <file>file:/C:/Users/Pardeep%20Hotwani/Documents/NetBeansProjects/JavaApplication12/src/Admin.java</file>
            <file>file:/C:/Users/Pardeep%20Hotwani/Documents/NetBeansProjects/JavaApplication12/src/HostelRoomCURD.java</file>
            <file>file:/C:/Users/Pardeep%20Hotwani/Documents/NetBeansProjects/JavaApplication12/src/MakePayment.java</file>
            <file>file:/C:/Users/Pardeep%20Hotwani/Documents/NetBeansProjects/JavaApplication12/src/User.java</file>
            <file>file:/C:/Users/Pardeep%20Hotwani/Documents/NetBeansProjects/JavaApplication12/src/FileManager.java</file>
            <file>file:/C:/Users/Pardeep%20Hotwani/Documents/NetBeansProjects/JavaApplication12/src/CheckAvailableHostelRooms.java</file>
            <file>file:/C:/Users/Pardeep%20Hotwani/Documents/NetBeansProjects/JavaApplication12/src/Student.java</file>
            <file>file:/C:/Users/Pardeep%20Hotwani/Documents/NetBeansProjects/JavaApplication12/src/AdminDashboard.java</file>
        </group>
    </open-files>
</project-private>
